vanish,disappear,similar-nineninenine
quick,rapid,similar-nineninenine
creator,maker,similar-nineninenine
stupid,dumb,similar-nineninenine
insane,crazy,similar-nineninenine
happy,cheerful,similar-nineninenine
large,big,similar-nineninenine
cow,cattle,similar-nineninenine
large,huge,similar-nineninenine
area,region,similar-nineninenine
simple,easy,similar-nineninenine
bizarre,strange,similar-nineninenine
student,pupil,similar-nineninenine
attorney,lawyer,similar-nineninenine
occur,happen,similar-nineninenine
hallway,corridor,similar-nineninenine
teacher,instructor,similar-nineninenine
inform,notify,similar-nineninenine
smart,intelligent,similar-nineninenine
weird,odd,similar-nineninenine
taxi,cab,similar-nineninenine
happy,glad,similar-nineninenine
scarce,rare,similar-nineninenine
drizzle,rain,similar-nineninenine
protect,defend,similar-nineninenine
boundary,border,similar-nineninenine
plead,beg,similar-nineninenine
declare,announce,similar-nineninenine
cop,sheriff,similar-nineninenine
adversary,opponent,similar-nineninenine
strange,odd,similar-nineninenine
business,company,similar-nineninenine
pact,agreement,similar-nineninenine
corporation,business,similar-nineninenine
victory,triumph,similar-nineninenine
essential,necessary,similar-nineninenine
abundance,plenty,similar-nineninenine
weird,strange,similar-nineninenine
physician,doctor,similar-nineninenine
journey,trip,similar-nineninenine
movie,film,similar-nineninenine
task,job,similar-nineninenine
decide,choose,similar-nineninenine
shore,coast,similar-nineninenine
roam,wander,similar-nineninenine
crucial,important,similar-nineninenine
acquire,get,similar-nineninenine
contemplate,think,similar-nineninenine
friend,buddy,similar-nineninenine
heroine,hero,similar-nineninenine
danger,threat,similar-nineninenine
hard,difficult,similar-nineninenine
fast,rapid,similar-nineninenine
inspect,examine,similar-nineninenine
anger,fury,similar-nineninenine
champion,winner,similar-nineninenine
attention,awareness,similar-nineninenine
locate,find,similar-nineninenine
inexpensive,cheap,similar-nineninenine
create,make,similar-nineninenine
assignment,task,similar-nineninenine
delightful,wonderful,similar-nineninenine
alcohol,gin,similar-nineninenine
motor,engine,similar-nineninenine
buddy,companion,similar-nineninenine
wonderful,terrific,similar-nineninenine
bubble,suds,similar-nineninenine
achieve,accomplish,similar-nineninenine
acquire,obtain,similar-nineninenine
crib,cradle,similar-nineninenine
style,fashion,similar-nineninenine
noticeable,obvious,similar-nineninenine
aggression,hostility,similar-nineninenine
create,build,similar-nineninenine
explore,discover,similar-nineninenine
apparent,obvious,similar-nineninenine
pretend,imagine,similar-nineninenine
bad,awful,similar-nineninenine
certain,sure,similar-nineninenine
sheep,lamb,similar-nineninenine
horse,mare,similar-nineninenine
beach,seashore,similar-nineninenine
area,zone,similar-nineninenine
couple,pair,similar-nineninenine
purse,bag,similar-nineninenine
make,construct,similar-nineninenine
clarify,explain,similar-nineninenine
confident,sure,similar-nineninenine
sea,ocean,similar-nineninenine
orthodontist,dentist,similar-nineninenine
keep,possess,similar-nineninenine
expand,grow,similar-nineninenine
arrange,organize,similar-nineninenine
dreary,dull,similar-nineninenine
think,rationalize,similar-nineninenine
begin,originate,similar-nineninenine
harsh,cruel,similar-nineninenine
aviation,flight,similar-nineninenine
proclaim,announce,similar-nineninenine
motel,inn,similar-nineninenine
listen,hear,similar-nineninenine
appoint,elect,similar-nineninenine
belly,abdomen,similar-nineninenine
mood,emotion,similar-nineninenine
plane,jet,similar-nineninenine
racket,noise,similar-nineninenine
advise,recommend,similar-nineninenine
come,attend,similar-nineninenine
compare,analyze,similar-nineninenine
investigate,examine,similar-nineninenine
join,add,similar-nineninenine
hard,tough,similar-nineninenine
wonderful,great,similar-nineninenine
exotic,rare,similar-nineninenine
log,timber,similar-nineninenine
analyze,evaluate,similar-nineninenine
formal,proper,similar-nineninenine
communication,conversation,similar-nineninenine
author,creator,similar-nineninenine
reduce,shrink,similar-nineninenine
formula,equation,similar-nineninenine
anarchy,chaos,similar-nineninenine
cancer,sickness,similar-nineninenine
bottle,container,similar-nineninenine
win,succeed,similar-nineninenine
money,salary,similar-nineninenine
bird,hawk,similar-nineninenine
mob,crowd,similar-nineninenine
wine,liquor,similar-nineninenine
circumstance,situation,similar-nineninenine
win,accomplish,similar-nineninenine
jar,bottle,similar-nineninenine
beast,animal,similar-nineninenine
bad,terrible,similar-nineninenine
elastic,flexible,similar-nineninenine
rat,mouse,similar-nineninenine
evening,dusk,similar-nineninenine
conclude,decide,similar-nineninenine
attach,join,similar-nineninenine
emotion,passion,similar-nineninenine
celebration,ceremony,similar-nineninenine
cottage,cabin,similar-nineninenine
belief,opinion,similar-nineninenine
wagon,carriage,similar-nineninenine
participate,join,similar-nineninenine
sense,intuition,similar-nineninenine
population,people,similar-nineninenine
satisfy,please,similar-nineninenine
fever,illness,similar-nineninenine
polite,proper,similar-nineninenine
charcoal,coal,similar-nineninenine
agony,grief,similar-nineninenine
leave,go,similar-nineninenine
know,comprehend,similar-nineninenine
bad,immoral,similar-nineninenine
way,manner,similar-nineninenine
capability,competence,similar-nineninenine
wire,cord,similar-nineninenine
rabbi,minister,similar-nineninenine
choose,elect,similar-nineninenine
make,earn,similar-nineninenine
roof,ceiling,similar-nineninenine
book,literature,similar-nineninenine
supper,meal,similar-nineninenine
crime,theft,similar-nineninenine
ballad,song,similar-nineninenine
beer,alcohol,similar-nineninenine
boy,kid,similar-nineninenine
competence,ability,similar-nineninenine
tobacco,cigarette,similar-nineninenine
achieve,succeed,similar-nineninenine
steak,meat,similar-nineninenine
communication,language,similar-nineninenine
linen,fabric,similar-nineninenine
wisdom,intelligence,similar-nineninenine
understand,know,similar-nineninenine
realize,discover,similar-nineninenine
car,cab,similar-nineninenine
crowd,bunch,similar-nineninenine
alcohol,wine,similar-nineninenine
begin,go,similar-nineninenine
politician,president,similar-nineninenine
necessary,important,similar-nineninenine
lose,fail,similar-nineninenine
mud,dirt,similar-nineninenine
cloud,haze,similar-nineninenine
river,stream,similar-nineninenine
wood,log,similar-nineninenine
god,spirit,similar-nineninenine
bed,crib,similar-nineninenine
proof,fact,similar-nineninenine
gather,meet,similar-nineninenine
behave,obey,similar-nineninenine
dumb,dense,similar-nineninenine
alcohol,whiskey,similar-nineninenine
leader,manager,similar-nineninenine
reflection,image,similar-nineninenine
sly,clever,similar-nineninenine
metal,aluminum,similar-nineninenine
administration,management,similar-nineninenine
battle,conquest,similar-nineninenine
attention,interest,similar-nineninenine
despair,misery,similar-nineninenine
give,lend,similar-nineninenine
take,possess,similar-nineninenine
disease,infection,similar-nineninenine
sweater,jacket,similar-nineninenine
meal,dinner,similar-nineninenine
fee,payment,similar-nineninenine
activity,movement,similar-nineninenine
investigate,pursue,similar-nineninenine
actress,actor,similar-nineninenine
crime,violation,similar-nineninenine
mouth,lip,similar-nineninenine
take,obtain,similar-nineninenine
band,orchestra,similar-nineninenine
steeple,chapel,similar-nineninenine
horse,colt,similar-nineninenine
father,parent,similar-nineninenine
strength,might,similar-nineninenine
value,belief,similar-nineninenine
recent,new,similar-nineninenine
right,justice,similar-nineninenine
archbishop,bishop,similar-nineninenine
arrive,come,similar-nineninenine
cattle,beef,similar-nineninenine
bird,hen,similar-nineninenine
pretend,portray,similar-nineninenine
business,industry,similar-nineninenine
violent,angry,similar-nineninenine
music,melody,similar-nineninenine
alcohol,brandy,similar-nineninenine
flower,violet,similar-nineninenine
monster,demon,similar-nineninenine
illness,infection,similar-nineninenine
adult,guardian,similar-nineninenine
limb,leg,similar-nineninenine
vision,perception,similar-nineninenine
accept,acknowledge,similar-nineninenine
ignore,avoid,similar-nineninenine
new,fresh,similar-nineninenine
mink,fur,similar-nineninenine
ray,sunshine,similar-nineninenine
boy,son,similar-nineninenine
cat,lion,similar-nineninenine
canyon,valley,similar-nineninenine
idea,scheme,similar-nineninenine
aisle,hallway,similar-nineninenine
appointment,engagement,similar-nineninenine
imitate,portray,similar-nineninenine
accept,believe,similar-nineninenine
big,broad,similar-nineninenine
alcohol,cocktail,similar-nineninenine
dumb,foolish,similar-nineninenine
world,globe,similar-nineninenine
chair,bench,similar-nineninenine
money,capital,similar-nineninenine
sofa,chair,similar-nineninenine
cloud,mist,similar-nineninenine
boy,brother,similar-nineninenine
discuss,explain,similar-nineninenine
collect,save,similar-nineninenine
delightful,cheerful,similar-nineninenine
bird,turkey,similar-nineninenine
situation,condition,similar-nineninenine
endurance,strength,similar-nineninenine
violin,instrument,similar-nineninenine
composer,writer,similar-nineninenine
save,protect,similar-nineninenine
cabin,hut,similar-nineninenine
beautiful,wonderful,similar-nineninenine
intelligence,logic,similar-nineninenine
marijuana,herb,similar-nineninenine
mother,guardian,similar-nineninenine
frustration,anger,similar-nineninenine
water,ice,similar-nineninenine
vehicle,bus,similar-nineninenine
shelter,hut,similar-nineninenine
ask,plead,similar-nineninenine
molecule,atom,similar-nineninenine
navy,army,similar-nineninenine
cooperate,participate,similar-nineninenine
tin,aluminum,similar-nineninenine
guilty,ashamed,similar-nineninenine
storm,hurricane,similar-nineninenine
withdraw,reject,similar-nineninenine
acquire,find,similar-nineninenine
book,text,similar-nineninenine
aisle,hall,similar-nineninenine
size,magnitude,similar-nineninenine
hysteria,confusion,similar-nineninenine
sandwich,lunch,similar-nineninenine
mouth,tooth,similar-nineninenine
priest,monk,similar-nineninenine
driver,pilot,similar-nineninenine
whiskey,gin,similar-nineninenine
appear,attend,similar-nineninenine
winter,season,similar-nineninenine
glass,crystal,similar-nineninenine
dictionary,definition,similar-nineninenine
overcome,dominate,similar-nineninenine
argue,persuade,similar-nineninenine
big,heavy,similar-nineninenine
article,journal,similar-nineninenine
take,steal,similar-nineninenine
noise,rattle,similar-nineninenine
kidney,organ,similar-nineninenine
greet,meet,similar-nineninenine
organ,liver,similar-nineninenine
hen,turkey,similar-nineninenine
rhythm,melody,similar-nineninenine
depth,magnitude,similar-nineninenine
bed,furniture,similar-nineninenine
flu,fever,similar-nineninenine
attend,arrive,similar-nineninenine
insect,bee,similar-nineninenine
wealth,prestige,similar-nineninenine
impatient,anxious,similar-nineninenine
oak,maple,similar-nineninenine
happiness,peace,similar-nineninenine
code,symbol,similar-nineninenine
pipe,cigar,similar-nineninenine
cloud,fog,similar-nineninenine
beg,ask,similar-nineninenine
sunset,evening,similar-nineninenine
rain,mist,similar-nineninenine
lover,companion,similar-nineninenine
unhappy,mad,similar-nineninenine
army,legion,similar-nineninenine
cat,pet,similar-nineninenine
belief,impression,similar-nineninenine
prince,king,similar-nineninenine
enjoy,entertain,similar-nineninenine
friendly,generous,similar-nineninenine
laden,heavy,similar-nineninenine
hard,dense,similar-nineninenine
stomach,waist,similar-nineninenine
intelligence,insight,similar-nineninenine
accident,catastrophe,similar-nineninenine
kill,destroy,similar-nineninenine
clothes,fabric,similar-nineninenine
moon,planet,similar-nineninenine
goal,quest,similar-nineninenine
guy,stud,similar-nineninenine
house,apartment,similar-nineninenine
death,tragedy,similar-nineninenine
meat,bacon,similar-nineninenine
comfort,safety,similar-nineninenine
carry,bring,similar-nineninenine
deserve,earn,similar-nineninenine
disappear,shrink,similar-nineninenine
determine,predict,similar-nineninenine
child,boy,similar-nineninenine
remain,retain,similar-nineninenine
replace,restore,similar-nineninenine
woman,wife,similar-nineninenine
river,sea,similar-nineninenine
elegance,style,similar-nineninenine
opinion,idea,similar-nineninenine
gun,cannon,similar-nineninenine
president,mayor,similar-nineninenine
win,dominate,similar-nineninenine
crime,fraud,similar-nineninenine
newspaper,information,similar-nineninenine
book,story,similar-nineninenine
polyester,cotton,similar-nineninenine
tin,metal,similar-nineninenine
cloud,storm,similar-nineninenine
beach,island,similar-nineninenine
meter,yard,similar-nineninenine
cab,bus,similar-nineninenine
communication,television,similar-nineninenine
bias,opinion,similar-nineninenine
doctor,orthodontist,similar-nineninenine
helper,maid,similar-nineninenine
machine,engine,similar-nineninenine
floor,deck,similar-nineninenine
vitamin,iron,similar-nineninenine
tree,maple,similar-nineninenine
august,month,similar-nineninenine
childish,foolish,similar-nineninenine
uncle,aunt,similar-nineninenine
exit,doorway,similar-nineninenine
know,believe,similar-nineninenine
street,alley,similar-nineninenine
phrase,word,similar-nineninenine
snow,weather,similar-nineninenine
discussion,argument,similar-nineninenine
absorb,learn,similar-nineninenine
clothes,cloth,similar-nineninenine
day,dawn,similar-nineninenine
action,course,similar-nineninenine
opinion,choice,similar-nineninenine
book,article,similar-nineninenine
engage,marry,similar-nineninenine
beer,beverage,similar-nineninenine
sad,terrible,similar-nineninenine
door,doorway,similar-nineninenine
era,decade,similar-nineninenine
keep,protect,similar-nineninenine
paper,cardboard,similar-nineninenine
pain,harm,similar-nineninenine
girl,child,similar-nineninenine
parent,adult,similar-nineninenine
worker,employer,similar-nineninenine
intelligence,skill,similar-nineninenine
clothes,coat,similar-nineninenine
join,marry,similar-nineninenine
anatomy,biology,similar-nineninenine
whiskey,champagne,similar-nineninenine
man,husband,similar-nineninenine
neck,spine,similar-nineninenine
acknowledge,notify,similar-nineninenine
strength,capability,similar-nineninenine
door,gate,similar-nineninenine
plate,bowl,similar-nineninenine
club,society,similar-nineninenine
take,carry,similar-nineninenine
rail,fence,similar-nineninenine
gossip,news,similar-nineninenine
cooperate,join,similar-nineninenine
wine,brandy,similar-nineninenine
bean,coffee,similar-nineninenine
vessel,vein,similar-nineninenine
bible,hymn,similar-nineninenine
clothes,jacket,similar-nineninenine
argue,differ,similar-nineninenine
give,allow,similar-nineninenine
sugar,honey,similar-nineninenine
car,carriage,similar-nineninenine
cup,jar,similar-nineninenine
think,decide,similar-nineninenine
create,imagine,similar-nineninenine
army,squad,similar-nineninenine
belief,concept,similar-nineninenine
birthday,date,similar-nineninenine
meter,inch,similar-nineninenine
argument,criticism,similar-nineninenine
take,receive,similar-nineninenine
get,buy,similar-nineninenine
afraid,anxious,similar-nineninenine
nice,generous,similar-nineninenine
book,bible,similar-nineninenine
joy,pride,similar-nineninenine
grass,moss,similar-nineninenine
story,topic,similar-nineninenine
captain,sailor,similar-nineninenine
book,information,similar-nineninenine
baby,daughter,similar-nineninenine
muscle,tongue,similar-nineninenine
argue,justify,similar-nineninenine
please,entertain,similar-nineninenine
absorb,possess,similar-nineninenine
death,burial,similar-nineninenine
accident,emergency,similar-nineninenine
gut,nerve,similar-nineninenine
calf,bull,similar-nineninenine
listen,obey,similar-nineninenine
worker,mechanic,similar-nineninenine
basketball,baseball,similar-nineninenine
science,psychology,similar-nineninenine
lake,swamp,similar-nineninenine
kill,choke,similar-nineninenine
add,build,similar-nineninenine
say,verify,similar-nineninenine
cloud,weather,similar-nineninenine
day,morning,similar-nineninenine
understand,forgive,similar-nineninenine
arm,shoulder,similar-nineninenine
chief,mayor,similar-nineninenine
game,action,similar-nineninenine
cherish,keep,similar-nineninenine
assume,predict,similar-nineninenine
man,father,similar-nineninenine
argue,prove,similar-nineninenine
discover,originate,similar-nineninenine
snow,storm,similar-nineninenine
complain,argue,similar-nineninenine
gather,attend,similar-nineninenine
body,spine,similar-nineninenine
reject,avoid,similar-nineninenine
want,choose,similar-nineninenine
sheep,cattle,similar-nineninenine
sorrow,shame,similar-nineninenine
fact,insight,similar-nineninenine
word,literature,similar-nineninenine
make,become,similar-nineninenine
think,inquire,similar-nineninenine
become,appear,similar-nineninenine
journey,conquest,similar-nineninenine
book,essay,similar-nineninenine
man,warrior,similar-nineninenine
read,comprehend,similar-nineninenine
toe,finger,similar-nineninenine
wall,brick,similar-nineninenine
beach,sea,similar-nineninenine
sky,universe,similar-nineninenine
understand,listen,similar-nineninenine
pretend,seem,similar-nineninenine
speak,acknowledge,similar-nineninenine
doctor,professor,similar-nineninenine
cousin,uncle,similar-nineninenine
second,minute,similar-nineninenine
room,cell,similar-nineninenine
grass,blade,similar-nineninenine
cheek,tongue,similar-nineninenine
actor,singer,similar-nineninenine
god,priest,similar-nineninenine
flower,bulb,similar-nineninenine
body,chest,similar-nineninenine
beer,champagne,similar-nineninenine
effort,difficulty,similar-nineninenine
kill,hang,similar-nineninenine
date,calendar,similar-nineninenine
school,grade,similar-nineninenine
achieve,try,similar-nineninenine
leave,ignore,similar-nineninenine
breakfast,supper,similar-nineninenine
breakfast,bacon,similar-nineninenine
teacher,rabbi,similar-nineninenine
take,deliver,similar-nineninenine
attitude,confidence,similar-nineninenine
house,barn,similar-nineninenine
illegal,immoral,similar-nineninenine
boat,deck,similar-nineninenine
lens,camera,similar-nineninenine
blood,flesh,similar-nineninenine
hill,cliff,similar-nineninenine
teacher,helper,similar-nineninenine
friend,guest,similar-nineninenine
flower,bush,similar-nineninenine
pollution,atmosphere,similar-nineninenine
do,happen,similar-nineninenine
bad,guilty,similar-nineninenine
father,brother,similar-nineninenine
camp,cabin,similar-nineninenine
argue,rationalize,similar-nineninenine
hand,foot,similar-nineninenine
bone,jaw,similar-nineninenine
bone,knee,similar-nineninenine
daughter,kid,similar-nineninenine
bone,teeth,similar-nineninenine
learn,evaluate,similar-nineninenine
man,child,similar-nineninenine
death,catastrophe,similar-nineninenine
college,class,similar-nineninenine
agree,please,similar-nineninenine
easy,flexible,similar-nineninenine
anger,mood,similar-nineninenine
explain,prove,similar-nineninenine
verify,justify,similar-nineninenine
arm,body,similar-nineninenine
milk,juice,similar-nineninenine
apple,lemon,similar-nineninenine
wealth,fame,similar-nineninenine
weekend,week,similar-nineninenine
letter,paragraph,similar-nineninenine
go,enter,similar-nineninenine
accomplish,become,similar-nineninenine
succeed,try,similar-nineninenine
bold,proud,similar-nineninenine
hand,wrist,similar-nineninenine
song,story,similar-nineninenine
job,management,similar-nineninenine
logic,arithmetic,similar-nineninenine
body,stomach,similar-nineninenine
crowd,parade,similar-nineninenine
band,parade,similar-nineninenine
man,uncle,similar-nineninenine
forgive,forget,similar-nineninenine
hand,thumb,similar-nineninenine
friend,guy,similar-nineninenine
nerve,brain,similar-nineninenine
learn,listen,similar-nineninenine
deliver,carry,similar-nineninenine
arm,bone,similar-nineninenine
son,father,similar-nineninenine
bone,ankle,similar-nineninenine
brow,eye,similar-nineninenine
say,participate,similar-nineninenine
box,booth,similar-nineninenine
yard,inch,similar-nineninenine
guitar,drum,similar-nineninenine
bone,elbow,similar-nineninenine
beach,reef,similar-nineninenine
cereal,wheat,similar-nineninenine
go,send,similar-nineninenine
door,corridor,similar-nineninenine
mountain,ledge,similar-nineninenine
chicken,steak,similar-nineninenine
nose,mouth,similar-nineninenine
accept,forgive,similar-nineninenine
arm,muscle,similar-nineninenine
dinner,soup,similar-nineninenine
fee,salary,similar-nineninenine
ask,pray,similar-nineninenine
assume,pretend,similar-nineninenine
word,dictionary,similar-nineninenine
plane,airport,similar-nineninenine
employer,employee,similar-nineninenine
arm,vein,similar-nineninenine
medium,news,similar-nineninenine
muscle,bone,similar-nineninenine
gun,knife,similar-nineninenine
give,put,similar-nineninenine
telephone,booth,similar-nineninenine
air,helium,similar-nineninenine
north,west,similar-nineninenine
menu,order,similar-nineninenine
go,allow,similar-nineninenine
long,narrow,similar-nineninenine
sick,crazy,similar-nineninenine
arm,wrist,similar-nineninenine
father,god,similar-nineninenine
guy,partner,similar-nineninenine
leave,wander,similar-nineninenine
nail,thumb,similar-nineninenine
eye,tear,similar-nineninenine
dad,mother,similar-nineninenine
idea,image,similar-nineninenine
root,grass,similar-nineninenine
communicate,pray,similar-nineninenine
bed,chair,similar-nineninenine
decade,century,similar-nineninenine
brother,son,similar-nineninenine
seed,mustard,similar-nineninenine
car,bicycle,similar-nineninenine
lady,gentleman,similar-nineninenine
game,fun,similar-nineninenine
shoulder,head,similar-nineninenine
money,diamond,similar-nineninenine
bed,couch,similar-nineninenine
nail,hand,similar-nineninenine
bed,bedroom,similar-nineninenine
car,highway,similar-nineninenine
bathroom,bedroom,similar-nineninenine
blood,marrow,similar-nineninenine
woman,man,similar-nineninenine
window,door,similar-nineninenine
dinner,breakfast,similar-nineninenine
bread,flour,similar-nineninenine
curve,angle,similar-nineninenine
room,bath,similar-nineninenine
finger,palm,similar-nineninenine
trial,verdict,similar-nineninenine
apartment,hotel,similar-nineninenine
guy,girl,similar-nineninenine
fail,discourage,similar-nineninenine
clothes,closet,similar-nineninenine
bee,queen,similar-nineninenine
king,princess,similar-nineninenine
target,arrow,similar-nineninenine
man,sentry,similar-nineninenine
winner,goal,similar-nineninenine
disc,computer,similar-nineninenine
strong,proud,similar-nineninenine
groom,bride,similar-nineninenine
chemistry,theory,similar-nineninenine
cup,cone,similar-nineninenine
pursue,persuade,similar-nineninenine
men,fraternity,similar-nineninenine
elbow,ankle,similar-nineninenine
body,nerve,similar-nineninenine
college,profession,similar-nineninenine
confidence,self,similar-nineninenine
loop,belt,similar-nineninenine
aunt,nephew,similar-nineninenine
tongue,throat,similar-nineninenine
bathroom,kitchen,similar-nineninenine
atom,carbon,similar-nineninenine
forget,ignore,similar-nineninenine
animal,person,similar-nineninenine
molecule,air,similar-nineninenine
rod,curtain,similar-nineninenine
page,paragraph,similar-nineninenine
clothes,drawer,similar-nineninenine
bed,blanket,similar-nineninenine
mother,wife,similar-nineninenine
horse,ox,similar-nineninenine
speak,hear,similar-nineninenine
danger,disease,similar-nineninenine
put,hang,similar-nineninenine
child,adult,similar-nineninenine
diet,salad,similar-nineninenine
please,plead,similar-nineninenine
bring,send,similar-nineninenine
absorb,withdraw,similar-nineninenine
church,choir,similar-nineninenine
night,dawn,similar-nineninenine
cow,goat,similar-nineninenine
girl,maid,similar-nineninenine
word,page,similar-nineninenine
leg,arm,similar-nineninenine
apple,juice,similar-nineninenine
wood,paper,similar-nineninenine
body,shoulder,similar-nineninenine
dinner,chicken,similar-nineninenine
join,acquire,similar-nineninenine
bar,cage,similar-nineninenine
bride,princess,similar-nineninenine
throat,nose,similar-nineninenine
bee,ant,similar-nineninenine
winner,candidate,similar-nineninenine
arm,knee,similar-nineninenine
car,factory,similar-nineninenine
accept,recommend,similar-nineninenine
rice,bean,similar-nineninenine
liver,lung,similar-nineninenine
multiply,add,similar-nineninenine
horn,drum,similar-nineninenine
hat,coat,similar-nineninenine
modest,ashamed,similar-nineninenine
wagon,container,similar-nineninenine
bottom,side,similar-nineninenine
kill,defend,similar-nineninenine
become,seem,similar-nineninenine
father,daughter,similar-nineninenine
friend,teacher,similar-nineninenine
roof,floor,similar-nineninenine
wall,decoration,similar-nineninenine
borrow,beg,similar-nineninenine
try,think,similar-nineninenine
bring,restore,similar-nineninenine
ball,cannon,similar-nineninenine
home,state,similar-nineninenine
book,theme,similar-nineninenine
car,horn,similar-nineninenine
motor,boat,similar-nineninenine
comprehend,satisfy,similar-nineninenine
pot,appliance,similar-nineninenine
bone,neck,similar-nineninenine
word,clue,similar-nineninenine
friend,mother,similar-nineninenine
leave,remain,similar-nineninenine
rough,frigid,similar-nineninenine
sunset,sunrise,similar-nineninenine
head,nail,similar-nineninenine
word,newspaper,similar-nineninenine
take,leave,similar-nineninenine
pact,condition,similar-nineninenine
ceiling,cathedral,similar-nineninenine
go,come,similar-nineninenine
come,bring,similar-nineninenine
fragile,frigid,similar-nineninenine
winter,summer,similar-nineninenine
tax,income,similar-nineninenine
hound,fox,similar-nineninenine
happiness,luck,similar-nineninenine
dog,horse,similar-nineninenine
street,car,similar-nineninenine
boat,car,similar-nineninenine
cat,rabbit,similar-nineninenine
room,bed,similar-nineninenine
meat,sandwich,similar-nineninenine
arithmetic,rhythm,similar-nineninenine
stomach,vein,similar-nineninenine
game,trick,similar-nineninenine
ball,costume,similar-nineninenine
owe,lend,similar-nineninenine
wife,husband,similar-nineninenine
foot,head,similar-nineninenine
clothes,button,similar-nineninenine
add,divide,similar-nineninenine
sun,sky,similar-nineninenine
chocolate,pie,similar-nineninenine
boat,anchor,similar-nineninenine
keep,borrow,similar-nineninenine
adult,baby,similar-nineninenine
give,borrow,similar-nineninenine
south,north,similar-nineninenine
people,party,similar-nineninenine
bell,door,similar-nineninenine
boy,soldier,similar-nineninenine
money,pearl,similar-nineninenine
apple,candy,similar-nineninenine
nurse,scientist,similar-nineninenine
strange,sly,similar-nineninenine
book,topic,similar-nineninenine
area,corner,similar-nineninenine
spoon,cup,similar-nineninenine
happy,young,similar-nineninenine
classroom,hallway,similar-nineninenine
woman,secretary,similar-nineninenine
get,put,similar-nineninenine
sly,strange,similar-nineninenine
door,cellar,similar-nineninenine
fun,football,similar-nineninenine
card,bridge,similar-nineninenine
bread,cheese,similar-nineninenine
student,professor,similar-nineninenine
tower,bell,similar-nineninenine
bar,jail,similar-nineninenine
house,key,similar-nineninenine
top,side,similar-nineninenine
man,victor,similar-nineninenine
boy,partner,similar-nineninenine
night,day,similar-nineninenine
lawyer,banker,similar-nineninenine
require,inquire,similar-nineninenine
god,devil,similar-nineninenine
formula,log,similar-nineninenine
organize,become,similar-nineninenine
borrow,want,similar-nineninenine
dog,cat,similar-nineninenine
ball,glove,similar-nineninenine
multiply,divide,similar-nineninenine
accept,deny,similar-nineninenine
floor,ceiling,similar-nineninenine
borrow,sell,similar-nineninenine
ball,basket,similar-nineninenine
hose,garden,similar-nineninenine
river,valley,similar-nineninenine
door,floor,similar-nineninenine
door,kitchen,similar-nineninenine
birthday,year,similar-nineninenine
meat,bread,similar-nineninenine
send,attend,similar-nineninenine
restless,young,similar-nineninenine
dirty,cheap,similar-nineninenine
lemon,tea,similar-nineninenine
sinner,saint,similar-nineninenine
author,reader,similar-nineninenine
destroy,make,similar-nineninenine
get,remain,similar-nineninenine
old,new,similar-nineninenine
arm,neck,similar-nineninenine
beauty,age,similar-nineninenine
encourage,discourage,similar-nineninenine
accept,deliver,similar-nineninenine
alley,bowl,similar-nineninenine
ignorance,intelligence,similar-nineninenine
receive,give,similar-nineninenine
mad,glad,similar-nineninenine
argument,agreement,similar-nineninenine
disorganize,organize,similar-nineninenine
chicken,rice,similar-nineninenine
hip,lip,similar-nineninenine
apple,sauce,similar-nineninenine
give,deny,similar-nineninenine
reality,illusion,similar-nineninenine
hard,simple,similar-nineninenine
house,carpet,similar-nineninenine
biography,fiction,similar-nineninenine
breathe,choke,similar-nineninenine
arrive,leave,similar-nineninenine
box,elevator,similar-nineninenine
water,salt,similar-nineninenine
box,hat,similar-nineninenine
happy,angry,similar-nineninenine
apartment,furniture,similar-nineninenine
begin,quit,similar-nineninenine
wealth,poverty,similar-nineninenine
box,cigar,similar-nineninenine
short,long,similar-nineninenine
god,prey,similar-nineninenine
oil,mink,similar-nineninenine
butter,potato,similar-nineninenine
bacon,bean,similar-nineninenine
narrow,broad,similar-nineninenine
honest,guilty,similar-nineninenine
diet,apple,similar-nineninenine
gun,dawn,similar-nineninenine
forget,learn,similar-nineninenine
portray,decide,similar-nineninenine
great,awful,similar-nineninenine
dumb,clever,similar-nineninenine
do,quit,similar-nineninenine
car,gauge,similar-nineninenine
school,law,similar-nineninenine
salad,vinegar,similar-nineninenine
steal,buy,similar-nineninenine
easy,big,similar-nineninenine
mouse,cat,similar-nineninenine
different,normal,similar-nineninenine
heart,surgery,similar-nineninenine
winner,presence,similar-nineninenine
jail,choice,similar-nineninenine
send,receive,similar-nineninenine
ignore,ask,similar-nineninenine
agree,differ,similar-nineninenine
lose,keep,similar-nineninenine
keep,give,similar-nineninenine
wide,narrow,similar-nineninenine
reality,fantasy,similar-nineninenine
denial,confession,similar-nineninenine
car,elevator,similar-nineninenine
modest,flexible,similar-nineninenine
destruction,construction,similar-nineninenine
choice,vein,similar-nineninenine
meal,waist,similar-nineninenine
arrange,require,similar-nineninenine
bring,complain,similar-nineninenine
brother,soul,similar-nineninenine
leave,appear,similar-nineninenine
go,sell,similar-nineninenine
hard,easy,similar-nineninenine
happy,mad,similar-nineninenine
sad,funny,similar-nineninenine
car,bridge,similar-nineninenine
leave,enter,similar-nineninenine
bed,hospital,similar-nineninenine
destroy,construct,similar-nineninenine
forget,know,similar-nineninenine
fraternity,baseball,similar-nineninenine
couch,baseball,similar-nineninenine
give,know,similar-nineninenine
old,fresh,similar-nineninenine
difficult,simple,similar-nineninenine
car,hose,similar-nineninenine
remind,forget,similar-nineninenine
accept,reject,similar-nineninenine
succeed,fail,similar-nineninenine
pupil,president,similar-nineninenine
portray,notify,similar-nineninenine
agree,argue,similar-nineninenine
find,disappear,similar-nineninenine
lose,get,similar-nineninenine
dumb,intelligent,similar-nineninenine
modern,ancient,similar-nineninenine
weird,normal,similar-nineninenine
bottom,top,similar-nineninenine
hymn,conquest,similar-nineninenine
fraternity,door,similar-nineninenine
task,woman,similar-nineninenine
task,straw,similar-nineninenine
pollution,president,similar-nineninenine
hole,wife,similar-nineninenine
liquor,band,similar-nineninenine
worker,camera,similar-nineninenine
people,gun,similar-nineninenine
enter,owe,similar-nineninenine
nice,cruel,similar-nineninenine
bad,terrific,similar-nineninenine
unnecessary,necessary,similar-nineninenine
forget,retain,similar-nineninenine
create,destroy,similar-nineninenine
sharp,dull,similar-nineninenine
tiny,huge,similar-nineninenine
easy,difficult,similar-nineninenine
sly,tough,similar-nineninenine
bath,trick,similar-nineninenine
cent,wife,similar-nineninenine
course,stomach,similar-nineninenine
woman,fur,similar-nineninenine
apple,sunshine,similar-nineninenine
smart,dumb,similar-nineninenine
dull,funny,similar-nineninenine
spend,save,similar-nineninenine
easy,tough,similar-nineninenine
give,steal,similar-nineninenine
dumb,rare,similar-nineninenine
huge,dumb,similar-nineninenine
large,flexible,similar-nineninenine
chapter,choice,similar-nineninenine
trick,size,similar-nineninenine
condition,boy,similar-nineninenine
doctor,temper,similar-nineninenine
presence,door,similar-nineninenine
mouse,management,similar-nineninenine
task,highway,similar-nineninenine
night,chapter,similar-nineninenine
gun,trick,similar-nineninenine
bath,wife,similar-nineninenine
people,cent,similar-nineninenine
camera,president,similar-nineninenine
deck,mouse,similar-nineninenine
people,balloon,similar-nineninenine
bowl,tail,similar-nineninenine
terrific,mad,similar-nineninenine
fresh,wide,similar-nineninenine
absence,presence,similar-nineninenine
belief,flower,similar-nineninenine
endurance,band,similar-nineninenine
flower,endurance,similar-nineninenine
cent,size,similar-nineninenine
liquor,century,similar-nineninenine
hymn,straw,similar-nineninenine
dentist,colonel,similar-nineninenine
wife,straw,similar-nineninenine
rice,boy,similar-nineninenine
dollar,people,similar-nineninenine
bath,balloon,similar-nineninenine
stomach,bedroom,similar-nineninenine
bicycle,bedroom,similar-nineninenine
log,bath,similar-nineninenine
ignore,explore,similar-nineninenine
remind,sell,similar-nineninenine
bad,great,similar-nineninenine
dirty,narrow,similar-nineninenine
hole,agreement,similar-nineninenine
island,task,similar-nineninenine
chapter,tail,similar-nineninenine
gun,fur,similar-nineninenine
cliff,tail,similar-nineninenine
ankle,window,similar-nineninenine
princess,island,similar-nineninenine
container,mouse,similar-nineninenine
new,ancient,similar-nineninenine
shrink,grow,similar-nineninenine
fuck,sex,related-353
journey,voyage,related-353
midday,noon,related-353
dollar,buck,related-353
money,cash,related-353
coast,shore,related-353
money,currency,related-353
football,soccer,related-353
magician,wizard,related-353
type,kind,related-353
gem,jewel,related-353
car,automobile,related-353
street,avenue,related-353
asylum,madhouse,related-353
boy,lad,related-353
environment,ecology,related-353
furnace,stove,related-353
seafood,lobster,related-353
mile,kilometer,related-353
Maradona,football,related-353
OPEC,oil,related-353
king,queen,related-353
murder,manslaughter,related-353
computer,software,related-353
money,bank,related-353
Jerusalem,Israel,related-353
vodka,gin,related-353
planet,star,related-353
calculation,computation,related-353
money,dollar,related-353
law,lawyer,related-353
championship,tournament,related-353
seafood,food,related-353
weather,forecast,related-353
FBI,investigation,related-353
nature,environment,related-353
network,hardware,related-353
man,woman,related-353
money,wealth,related-353
psychology,Freud,related-353
news,report,related-353
Harvard,Yale,related-353
vodka,brandy,related-353
war,troops,related-353
bank,money,related-353
physics,proton,related-353
planet,galaxy,related-353
planet,moon,related-353
psychology,psychiatry,related-353
stock,market,related-353
credit,card,related-353
planet,constellation,related-353
hotel,reservation,related-353
planet,sun,related-353
closet,clothes,related-353
tiger,jaguar,related-353
tiger,feline,related-353
planet,astronomer,related-353
soap,opera,related-353
movie,theater,related-353
planet,space,related-353
treatment,recovery,related-353
liquid,water,related-353
life,death,related-353
baby,mother,related-353
aluminum,metal,related-353
cell,phone,related-353
lobster,food,related-353
dollar,yen,related-353
money,deposit,related-353
wood,forest,related-353
television,film,related-353
admission,ticket,related-353
game,team,related-353
psychology,mind,related-353
Arafat,terror,related-353
Jerusalem,Palestinian,related-353
dividend,payment,related-353
profit,loss,related-353
computer,keyboard,related-353
boxing,round,related-353
century,year,related-353
rock,jazz,related-353
computer,internet,related-353
money,property,related-353
announcement,news,related-353
tennis,racket,related-353
canyon,landscape,related-353
day,dawn,related-353
food,fruit,related-353
currency,market,related-353
telephone,communication,related-353
psychology,cognition,related-353
marathon,sprint,related-353
seafood,sea,related-353
book,paper,related-353
book,library,related-353
Mexico,Brazil,related-353
jaguar,cat,related-353
media,radio,related-353
psychology,depression,related-353
fighting,defeating,related-353
bird,crane,related-353
dollar,profit,related-353
hundred,percent,related-353
movie,star,related-353
physics,chemistry,related-353
tiger,cat,related-353
country,citizen,related-353
money,possession,related-353
jaguar,car,related-353
cup,drink,related-353
psychology,health,related-353
museum,theater,related-353
summer,drought,related-353
investor,earning,related-353
phone,equipment,related-353
bird,cock,related-353
company,stock,related-353
tiger,carnivore,related-353
game,victory,related-353
liability,insurance,related-353
stroke,hospital,related-353
doctor,nurse,related-353
psychology,anxiety,related-353
tiger,animal,related-353
game,defeat,related-353
FBI,fingerprint,related-353
money,withdrawal,related-353
opera,performance,related-353
street,block,related-353
drink,eat,related-353
cup,tableware,related-353
drug,abuse,related-353
psychology,fear,related-353
tiger,mammal,related-353
concert,virtuoso,related-353
football,basketball,related-353
student,professor,related-353
computer,laboratory,related-353
love,sex,related-353
television,radio,related-353
problem,challenge,related-353
